Claimant,Amount,Bonus,Bonus Amount,81958,
0x4335793db316340f9fa92cd69e903452a4590006,36003.60477,6010.791771,Claim Sum,490914.2676,81958
0x063b6f85322d4783de7e3009fa3af2c3d970fe45,33227.51627,5547.32457,Bonus multiplier,0.166949721,0.166949721
0x00f30da49c6dde3364ac802b9b318a872996995b,30000,5008.49163,,,
0x09ab717bdf923c628df47a3699af94cd10773b56,23300.014,3889.930836,,,
0x2712027f79419c992c66cdddd56082163f400b12,19955.59919,3331.581717,,,
0x9ca9265f3ef8673d0d966a91248790d88db71e9d,17215.20655,2874.07393,,,
0x2d55a5781e9972650fa4f7fc90a6250609e23333,13777.53077,2300.154918,,,
0x0b988d78d6c3c30d1b4e017bde04502a40d58948,12466.89437,2081.344537,,,
0x670ecc92987b0b85b6ad2ba9c7ac78b4199cd463,12107.964,2021.421212,,,
0xf0b33ceafab33f5e00a86d74165e21e7b8a75fca,8205.803332,1369.956577,,,
0xc6b3d5bc8562d531cf3e963f1083097ce3cec4bc,6360,1061.800225,,,
0x88ca2858afca552739c5ceee7a8f4c240a564ac7,6056.221665,1011.084517,,,
0xf6037df487163d21002f88cf597ffc5fddbb5d6d,6000,1001.698326,,,
0x7d897c6cd19177dc94317a0ebd28b11731f0cc2b,5417.2917,904.4153378,,,
0x9a08c2e2af0e5665572c5ae494c0eaf47e444748,5350.320408,893.2344993,,,
0xb7c3b6c72b2a7d014ca1311f93aa3bc6b34f93f9,5175.553831,864.057268,,,
0x09f7f0f6cadc7dfa47d8576e41cc926b4bd19935,4800,801.3586607,,,
0x3df4e5416b90875b3bdbf7f01be6d91dd4a3eb16,4599.575661,767.8978733,,,
0x99f900f51808972921c0749efa3cb343847572a6,4241.34733,708.0917533,,,
0x9e773d536af3c044193450a56d9c6cf39d4807ce,4010.037369,669.4746199,,,
0xed95dbbc066fd0a28038145f58f2c5944a185a69,3602.003312,601.3534479,,,
0x9744be6424e3d4f749740fd7ac2393dc735585db,3010.2696,502.5636698,,,
0x64e3e0110ff5d24297696e05fbd6f1d0c261f8dc,3000,500.849163,,,
0x7ca06771a89fd9825e44335dd6d440a188fbb077,2991.635382,499.4526923,,,
0x57c44cd3261dd0d8d36a1b0747dba169c97557fb,2960.732,494.2933813,,,
0xf5c6501fb33ee59b5a732fa6e2d400fb2fe32292,2953.2,493.035916,,,
0x6cad23944cafa6c0823142b138638e2b86da0d7a,2715.8736,453.4143398,,,
0x3b46c9db90882d672e0a8f5a158afe69bab81033,2638.314415,440.4658555,,,
0xc8bcf805fd089645b3c1a270a279aaa702d5680e,2553.954701,426.3820247,,,
0x05a3b47068083ea74ec6707c6c76a19ff23c9f40,2481.072612,414.2143803,,,
0x96a17791c341a3e52bb64fb479e78693bb55b12e,2479.6848,413.9826855,,,
0x4ad7154ff3e4bca4cba093db6f1428402f953d3d,2460.959472,410.8564972,,,
0xd18c7d59f3c7a5a5dc3e1d8df92a21c645735739,2456.601222,410.1288886,,,
0xba2c1989195a19c82b08e75e47a477249bb24d6c,2410.984,402.5131061,,,
0x5c44a79fc27b9b6e50a9e22e50fdf05c4743de0d,2310.75,385.7790678,,,
0xda91dec6881b23bcb2f51ae39c107a856e5f31c9,2042.7774,341.041117,,,
0xec4eac6b59cde92298edad5fe0026b35c67df732,2031.14233,339.0986453,,,
0xb959d1ac1f5fa5417860ad63225acf64758a2efc,2000.716269,334.0190229,,,
0x3c329470dd683617c986e4b28422e58b98d34e7a,1899.214531,317.073336,,,
0xc3b7c933d6d8d4c6855a50e47da9b9896c5b3cd2,1862.368804,310.9219522,,,
0x2694b36a4db166457bc6311c16f3b9c6791c5a66,1860.137205,310.5493874,,,
0x6a5a88413e351e601a147f31984c2b8924f1979d,1857.641412,310.1327154,,,
0xdd2a28824bbae183416caf1e0a8ae52192d32a0d,1813.2,302.7132341,,,
0x1a13a2830dbb496f8c782fae0fc3083ab7694b8d,1800,300.5094978,,,
0x8fced72faffbba8c3cefd5a06dacea4dff68e068,1751.557178,292.4219822,,,
0x3f579999bece2215baa1f9d6148137141c5076c1,1715.822187,286.4560354,,,
0xa99403a37f8f56eb4ff7bb51c214c6c3ab0cb839,1706.531747,284.904999,,,
0x235482e5990068e98e9fc817809feb704046e51e,1679.652931,280.4175882,,,
0xf771fef1726205d1a9e0fe7a3dff5e4da1a9a7bc,1582.357749,264.1741847,,,
0xa560145fab411f4ea6b8c4af15af84864b8c2833,1577.657101,263.3894128,,,
0xb5c07a9fb691082697882e0dc13f0a5a10b6f185,1500,250.4245815,,,
0xdb41754d568403dcfbcf98a2f78a56853caa06b2,1488.196839,248.454047,,,
0x52cc3da7d6907b25fcd4e2c3b83f7edc5b31c949,1477.608811,246.6863787,,,
0x8705f77a28906f209b586a6fc5af80f87f281613,1457.842993,243.3864809,,,
0xc8d46eb7881975f9ae15216feeba2ff58e55803c,1451.127001,242.2652479,,,
0x82898337f03c1d73133213580b0d9855d3a5573f,1425.540078,237.9935183,,,
0xd5eb20fed145ada02979203ebe4683a83fbe57c8,1399.620327,233.6662231,,,
0x821906ce2e228032552c02667dc0b04d0cdb8bce,1386.208705,231.4271565,,,
0xca4b599a1deac69df773d11a9fbb697e53cb0328,1340.756539,223.8389301,,,
0x206cb0be90188941db2b70cb2ce07eae3bee2d80,1316.069907,219.7175038,,,
0x98682a98fe398259d19f0515ef802d4edaf04f80,1276.9524,213.1868469,,,
0xf3c47dae7fc89138be71349febab1e39baf14afc,1270.168967,212.0543546,,,
0x7e04545c7d67042e44aa92eee6bb5a774b260878,1268.408791,211.7604938,,,
0xe5e71cb0aa6bcbdd7e01bc83d25a3febf0a2cf7a,1254.362213,209.4154215,,,
0x1baf0c2bb5373993b61814a4e72556d43c3a5aac,1253.849574,209.3298365,,,
0x16c7bbf977bc44b5f65957ca125be8f6164f1480,1234.8,206.1495155,,,
0x0f6d08168981163447a29cffa0634c6d04c5fee0,1220.222163,203.7157497,,,
0x86baf55a86754a23491037d8ba404334e6a86fa7,1206.27,201.3864399,,,
0xdb9a122beafa7518947437477b82ac3f08727ece,1204.19532,201.0400727,,,
0x966882f8df5b2fb91ddab764f6174dcb11165e81,1201.314199,200.5590703,,,
0x9a8c3f41a532d554de8a934864d91053871e371d,1200.6228,200.4436415,,,
0x424b5f9ac8e0eefe72c8c71a6c518f727c124e44,1200.324299,200.3938068,,,
0x1309f9c1613d60b100236e28eb9315f89210d455,1200,200.3396652,,,
0x7c1cb54ad4249b81521226a9b2e4be2bd206516b,1200,200.3396652,,,
0x279b70a6114381d49f35906c8ee5ccfe74025a59,1188.246905,198.3774893,,,
0x397eadff98b18a0e8c1c1866b9e83ae887bac1f1,1186.556566,198.0952876,,,
0x4b86a6d2c2c5e8bff8d3f3129c2ec4059821989b,1161.824708,193.9663108,,,
0xdca78971f8846cae4cb363e0e1ae42d30e5bf910,1152.087892,192.3407521,,,
0x56e2356c0754fae16ac4aeb96d3c843bec6aff67,1104.169787,184.3408379,,,
0xf91a1142d9e4910fb5e6ea3b965440a1dcef12fe,1090.888783,182.1235779,,,
0xc978eca42e1dd89512cac98ceca5e7ae12f60df9,1086.9,181.4576517,,,
0xb1abdd4f2d42f26f9519084c79ccbf8bbe6235d5,1084.440271,181.0470007,,,
0xc82618e68a1169d3704738d9eb78f34b4a96f296,1052.284939,175.678677,,,
0x858b50eb83c4e9800ab420c8b05f56cb40e8f6fa,1042.643392,174.0690234,,,
0x84f0a7680b7bd0fb81186ecc2500b55ba401fda0,1041.293651,173.8436845,,,
0x5ac8239229d38577d9a1f09c3704fd5b13443006,1040.920884,173.7814512,,,
0x02d7bd2cb46d139d830276a1dde94b412d51293a,1034.2224,172.6631411,,,
0xb8b58b248e975a76d147404454f6aa07d2a4e3e2,1010.564198,168.7134109,,,
0x4cc70fe6167142911625a3cad1c0d3daa50b7740,1010.146485,168.6436738,,,
0xa3f11fb663f718c1203cea4220634fe12b35ef0f,1000.117372,166.9693162,,,
0x9fd1d4893921117e0dc3b75fea17044ef82f68d7,996.3726293,166.3441325,,,
0x2d1a168f7c913d67c4a9f350a7bfae3e2e6bb5a7,974.367854,162.6704414,,,
0x37a6156e4a6e8b60b2415af040546cf5e91699bd,973.2000229,162.4754723,,,
0x9cc74fc95f4abeca2398c27c7465542ea7f7639f,966,161.2734305,,,
0xb490ac9d599c2d4fc24cc902ea4cd5af95eff6e9,965.8019876,161.2403724,,,
0x6e2740b7a70d05bc9abd30616f714d9ed0c40029,951.2678834,158.8139077,,,
0x0d4b7e06ccee6da6e6c975ce5c60c1855aa7d8e2,941.391004,157.1649655,,,
0xf7eab72ee14dad3dfef597420f669c25b39f938c,926.2217464,154.6324621,,,
0x4b3989e47cd37d074d5cbdde9caedb9720b7c7ce,916.2093057,152.960888,,,
0x003105a44ef845fea81bcbc5da1fa068bb4779a3,913.8659622,152.5696674,,,
0x6ca48184e2bb2d4e7e042c79ecbe9a906a060a2a,904.905,151.0736373,,,
0x479a28e713ca85f319f07e3e85081f66f9e9819b,880.6734767,147.0281912,,,
0x5a704e1bf5f33146bb01cf2885983f20af88ec86,878.4852,146.662859,,,
0xd245026b6fdc76b8cd7d9bb2d3ba560f6d7dd439,874.1434384,145.9380031,,,
0x118a87c2f8e06da3025f33a627523596fd4fe8c5,872.5747531,145.6761116,,,
0xc2681d0606ebd7719040f2bc1c0fda3e9215db90,853.5201521,142.4949512,,,
0x216b32757e9596579f850aef87951c0450c87947,840,140.2377656,,,
0x6077e139ab73452495d8d92d4ba79de1bea040d1,840,140.2377656,,,
0x9a22c74a76413ec237c2c0c2c4efa1813e81948c,827.6192581,138.1708042,,,
0x0b48ac5bb376cf0fc6ddf1dfb334ded734916c7e,812.8705164,135.7085059,,,
0x2cec5aa7bae1191f2e7da94130aac07c37fd4860,805.6464,134.5024417,,,
0x2ce07f5699d59a42f194322a9370025da41835ab,801.8833304,133.8741983,,,
0xf96081f23caebba2e338473561d47fd91a997bb0,791.3508,132.1157953,,,
0x524a5a34e2db86255f2809ea0f994e25fab3da27,789.3745731,131.7858647,,,
0xcfded2a84c907467e03886af1b99fad2f7703431,788.1791044,131.5862816,,,
0x1e3be7d9c0e27ef5065e449ef0d9a337de8725dd,763.7105027,127.5012553,,,
0x53fe88ceb39f23db1fcd4d6beb55965f6ac1764f,752.744,125.6704008,,,
0xc622b9e04f9ffed69d63aab4f2369afca6310ab7,752.4257153,125.6172632,,,
0x9d2098fc2bc68c2ec498e1ca3afde3a301232fbe,736.6920237,122.9905278,,,
0x8bdf174a84d797147d5066a4bc28bbbac68e33c7,727.8695519,121.5176186,,,
0xd189077083dee06ace6ce65b7ca15e22e43f0b72,719.036,120.0428596,,,
0xbf00cb9a77193379c433d7e183dff109bbdf9b8c,711.9700709,118.8632047,,,
0x4280172c9dda7f6b9e820fe4ad3fb3723d4604dd,711.050567,118.7096938,,,
0xdc98f6fcd44de63bfb17b72849319dbdc4e5edef,707.3530261,118.0923903,,,
0x3b231c36f01d4a35d44292e2dbc3c4d25a5798f4,699.9996236,116.8647419,,,
0x21911723950a24cd43dec32ab33aefca2a0f8804,691.3686058,115.4237958,,,
0x15467db1098f141feb62d27c3edab9c433fa10f1,690.350199,115.2537731,,,
0x6763b1f38a089cb0057dd9db14f6f5fedc44a7b3,680.7217283,113.6463026,,,
0xd70a315fb1474eff59d2cca5730eead51b430030,677.5116988,113.1103891,,,
0xe68dc2156b68ebcd5a92a8f7499d7c1b71df3795,671.6090874,112.1249498,,,
0x54118013b3a4ee621dc4a79716c3429d2f8fd25a,664.4275446,110.9259932,,,
0x247fccbf65677405d6e8aca7a9c5c6bfa422175c,659.5,110.103341,,,
0xa57622bd59b70b38aa8b19c11b34d45f0320515f,656.206146,109.553433,,,
0xa81261d8f27afaff64ee6919ba3b0e621d37ae16,642.973,107.344163,,,
0xd8c3b4a709e15526dfec25609deee1c293e95dd2,639.10644,106.6986418,,,
0xc0682d80cb3c6bc921f3f4672f814b6b4d476a70,633.403533,105.7465431,,,
0x119b49a1c266c67656d098c320b697cc5ce94c43,630.3464166,105.2361584,,,
0x80c37d0452f9d1ec710217e8d5c5880608de5a88,629.5622785,105.1052467,,,
0x5c65efbce63fa52a2ae056aadca9e9655ea388ed,628.3944,104.9102697,,,
0x3acb5eaecfab99d01e86f7068ae7b90479fb50e9,628.2005713,104.8779101,,,
0xc708bcd450fdecc898736a61936130a065af8ed5,627.7146186,104.7967804,,,
0x0a806011a5dc36cdc482bff4b20699a348e7f47d,622.524,103.9302081,,,
0x276b5675e78d58438c340a9af34350c38765cb8a,619.7256,103.463016,,,
0xf504e7daed805f5b5437d07b5a9f6f8ecda5dedd,615.900821,102.8244702,,,
0x568d2b1791f95921494fc44ca2436f57355405b9,615.016172,102.6767783,,,
0x951b6d50d07c39b0f97a7bb2f5c1e96f07a093d3,612.8710083,102.3186438,,,
0xf78dedf28bed6c07ad42a05c322be1014e1b29c9,610.829784,101.977862,,,
0xf57d86f6bfcc76aa2c7f62616b2436c60ad397e2,610.4591095,101.915978,,,
0xd44dd2f3145151e7186ba44b99a333544ea351bb,609.757,101.798761,,,
0xda4e632a856cc8c905d1f1846bebb00124f20e1c,609.0468,101.6801933,,,
0x1a87945373aeacc84e36c2fa7dd440f04b53b9b1,608.4031977,101.5727441,,,
0xd25546cc6b71b5dc757293d2834ad2ab6038d621,608.4,101.5722102,,,
0x581c1f6429f29027a4178c131046065b2796f706,606.6535,101.2806326,,,
0x5039e2936ec2a588cad92e4edcf41a1d3a443186,606.508759,101.2564681,,,
0xb86b49afbc410cc0cc8d47207e86b73761ccbd9a,605,101.0045812,,,
0x6ccb2e1685fa0a68767ebbe64187ce48a583d9ab,603.36,100.7307837,,,
0x13bc966979b2eef992f6e63700a12cafe49deda6,602.5878557,100.6018744,,,
0x7b90a5cd39a2a44f6d5ff867d091d591473d3f13,602.4,100.5705119,,,
0xb92f6e68bc67c2645b990438facc7645ad23896a,602.4,100.5705119,,,
0xfb6f3f88d11206439db6e6d5c5277e53b866d002,602.4,100.5705119,,,
0x79178d9577e12938b5bd6042f3887850fd7efa90,602.33124,100.5590325,,,
0x3442bcafff7deaff26caad507b22c38aceb86f81,602.135,100.5262702,,,
0x60dffdb890bc456f0b0a1ec3586a0df93d22921b,601.7432812,100.4608729,,,
0x72d27669acd636b33e8f704a4eead3d9f46a1fe4,601.5174512,100.4231706,,,
0x099b8e06be2bdc25cda14b5bd843660459a01131,601.2007436,100.3702964,,,
0xad96481d8f73692da4f4c856770dcebfc1a1b8d1,601.1,100.3534773,,,
0x912bc5696ff1acb85bb7eb2bfad26853d7b5a555,600.69,100.2850279,,,
0x744db0e7e8b57ef9aea0550f9d08410c323ed848,600.5585048,100.2630748,,,
0x821acf4602b9d57da21dee0c3db45e71143c0b45,600.22488,100.2073762,,,
0x340c677d956dd1c84d5a50b3fdb7d4e94e654ab3,600.0000469,100.1698404,,,
0x14bf5eb0d0afa0259063710d35d6b800474cd08d,600,100.1698326,,,
0x500ccbc28a59c11b1d03453de21fa71f70471aa4,600,100.1698326,,,
0x66e07a14b65aba7f94bdbdcf1eeb8efd5fd8ac9b,600,100.1698326,,,
0x796005b1b16aa4f75e05355ddfc86cd32f889a96,600,100.1698326,,,
0x8e842a7cbae7e76dfb3a2b3e9a60134794ffec2d,600,100.1698326,,,
0xe637ffa00f8a4ed88de446d86366aabc2fb50c90,600,100.1698326,,,
0xe9b79337f917a16db7336b1b70b1c769f18f1a9d,564.3005773,94.20982393,,,
0x55d08082aef6c7853a976f88ce9e419f74c67786,559.104,93.3422568,,,
0x45ccefc882e12c064d5f711c5ba94ef994703b58,529.8152698,88.45251147,,,
0x173b391272a972727b6de336cb44fc1588e7eac5,526.9,87.96580799,,,
0xf88bc01cd91cf74ea321fe1cf14f09f6d951dd7a,523.7975101,87.44784816,,,
0x844d584d166f3855a28daad86745223b6930d175,516.4383562,86.21923947,,,
0x88df446346eb051b8d19a47951141177f57d4329,510.000422,85.14442816,,,
0x34644e4320b519ce3e6c7844cdecf22eb0598c88,507.8685058,84.78850534,,,
0xe0c72c25b83de16cf4d9bac0eb4909dfebe6a66d,503.8938078,84.12493062,,,
0xefb89cf6c608bf7cde59e0e0ec10734cc42894d5,502.182604,83.83924562,,,
0xaa0f61e8e87bff8377049033679bd458da180aed,501.3323323,83.697293,,,
0xaf665acf3bafc3b6c93ad36fca345e8fd80ce043,501.034355,83.64754577,,,
0x99b66d5c7be499abd65bd10ec98647350ded0487,500.4040567,83.54231765,,,
0x015edbdd1dede3e011a694ecf48ca933661e0213,500,83.47486049,,,
0x24277b98c5e11443074acd60d076c730dd7a2160,500,83.47486049,,,
0x6072845242f0246670bc0085eefa0b5f833d847e,496.0007037,82.80717909,,,
0x1f9be850f7a12b3e485544034cb76e6e6229864c,485.3609306,81.03087194,,,
0x56a083283bec6001719c7fe02b7e8a0d56c25236,464.2595818,77.50800765,,,
0x1d6f73e854b7e3b889d9d6e7097a6ffe344f7bf0,457.8760542,76.44227949,,,
0xe85b0e454d06f7106b4b642941a0a7ee5e262681,457.0731229,76.30823034,,,
0x175e62e73dadcfa666cb0bb6473e2977dc05307f,443.1290803,73.98027632,,,
0xb027bcf5287240c030fceafa1046a2ca50c4364f,431.2084603,71.99013213,,,
0x8e9701f17f31fddd7a22555843ad2f9c02314ee0,430.9029456,71.93912654,,,
0x7f697eeb10c7131edc632fc1721066de79c89b48,427.428,71.35898534,,,
0xa8b2942a48f154ee56d08d4eeb66e3a63ab6a316,420,70.11888281,,,
0x4637ad5c0fd928fdbb6468e8a15f9471b285e66c,418.6989532,69.90167341,,,
0x93935316db093a8665e91ee932591f76bf8e5295,417.5615171,69.71177877,,,
0x1f83cfd5fca32b215c1c066e21237eacb28355dd,416.81,69.5863132,,,
0x7f63dea5b6d233a3a3a240a1100f23320c2916fa,415.3469757,69.34206171,,,
0x09eb25393688dbf8eb7457ca516f5e97c25fc05d,410.748909,68.57441575,,,
0x3aa3377aece2a3b115ef89fb866488a8c9d0cccc,406.4399941,67.85504361,,,
0x5fc8e6724f69cb3ecce03adaa4512ac3596166bb,400,66.77988839,,,
0xbcab07fbdf6991a131d1c1a9c9228048571f8673,400,66.77988839,,,
0xbe68942c03281b9084e886b92c3ef7e0f451bf32,400,66.77988839,,,
0x9f3d352cae9cb98a3a469534a81b8fc1e6b281a8,389.3769266,65.00636925,,,
0xf31ccfa657abeab1af2516767891d10b54dc4ecc,385.756586,64.4019544,,,
0x00bd08771c41b0f6c4b7c0079568316911c3cfdd,377.064,62.95072959,,,
0x328744a953b6ebedb7b645545dd77cb6afaa81b8,361.992,60.4344634,,,
0x673547d10441dd726504dfe94655357ae0488fb6,361.767157,60.39692592,,,
0xa5f1e6b5eddaf5381deb698f8d7a93c81c76a710,360.0011636,60.10209382,,,
0x06c42cd56a0c50da5fd01763f37ede122c4e964e,359.908,60.08654018,,,
0xfc527e222254f7fd7451853a18c77935b582f9db,357.43072,59.67295898,,,
0x3760a24b81d6db6e44bd2eb36b532e664a660a3d,356.2449223,59.47499038,,,
0x921a0bd7c6e581da46e819476f19f7eaab3256ae,350.1914545,58.46436562,,,
0x07b27bfd42c211829fd5d676d70990288bb42c9e,346.586,57.862436,,,
0x50f7c9d277c572fbeac18274b9224e55dc1fa8f8,338.209,56.46389818,,,
0x8edab1576b34b0bfdcdf4f368efde5200ff6f4e8,336.1023937,56.11220085,,,
0xa53eff9f0ba54314169791e9273ebc6c526f4890,331.8975877,55.41020966,,,
0xf152581b8cb486b24d73ad51e23a3fd3e0222538,327.6648072,54.70354814,,,
0xfa6e743bb587fb67fcb42fe7fcc63e945eb2eaee,324.4690371,54.17001521,,,
0x88a9ddab17378033711f259408f27f149e06cbf6,321.8386414,53.73087138,,,
0xa04173bbf90f6e88e5cf4519c1d0da2d2d410498,318.6584017,53.19993125,,,
0x2313b4f3487cbb48a3128d0e16935a341c8a07bf,317.5111277,53.00839418,,,
0x9319ac819ed90a19860070d903a4ddea1270e228,315.8757496,52.73536826,,,
0x43af588b70c6ac1ddd97dba4082cb81848d406ab,312.383187,52.15228591,,,
0xfc4fe3af75beb6ddc08fbe5c52a66ed4a9b0ff97,304.8055886,50.88720797,,,
0xeed25af9310e3b1de512ad946e4432d650d3ebb5,302.3342,50.47461033,,,
0x2dde6cf9117803448432dba7ab6de1d6bef91e29,301.7656136,50.37968499,,,
0xb98b583b39ccc6459491ba6ab24d56dd95924935,301.5,50.33534088,,,
0x3010b8ebdffcc76831574d923a1d80d1a203f11c,300.933806,50.24081495,,,
0xff05599209eb014673ff511bad37e2d34b12ac60,300,50.0849163,,,
0x532a9d861598ef2a8cb9074e7b9ba56e48e11027,297.9569328,49.7438268,,,
0x56fb7012f20e7b70817035fd9a3cf5456bd62482,293.3269752,48.97085667,,,
0xda5d73d6c3a5cc4a4e5e3f8429389e9a46188b7f,286.5914058,47.84635524,,,
0xf2a82b388ed27b92b892c8a7fdeee5508104ab5a,286.4413838,47.8213091,,,
0x7b80ce4c3bfadd878d93bf5220b0663b345ac662,286.356,47.8070543,,,
0xffbc56aa333873946cb2acb7121543b70c776cc5,277.8373329,46.38486521,,,
0x241a62b25eb7bfe1a70ec40af4e4da4b3e05cf4d,275.0538682,45.92016655,,,
0xb1fe569478506aefec2bcc84321e8d2053fe3fbb,272.4,45.477104,,,
0x8a46645f3e1336d5ffc3e211a0e33da52ad6128e,268.5855636,44.8402849,,,
0x63eed9a40bec1bc229b397e6ecf22e59276fe203,268.1840538,44.77325295,,,
0x1e27c17432abff8e314b421be50c63a42d3e95e0,266.4383562,44.48180923,,,
0xbbf219f5081314ad78a9887ea9891f51ab332e5f,261.5071015,43.65853763,,,
0x2b80916df4ff053b0108d694424bec7e86184d40,255.1633528,42.59945056,,,
0x3349a091e9e4f49da99e69e2b62d82a892796ccd,251.7196483,42.02452505,,,
0xf2c662a15acdff37a506b7a8f928c8665414ebd1,245.9309,41.05809514,,,
0xe03917c2adc9a0feed1f4a2b63f5ef2adf7af93e,244.1155246,40.75501872,,,
0xfd64bc286bab5f0b6456dd7ddb909bb1f32effb3,241.2,40.2682727,,,
0x641d837ac1bc7d04a8ddd0d2c0455c251cdea6e6,240,40.06793304,,,
0xafe2b51592b89095a4cfb18da2b5914b528f4c01,240,40.06793304,,,
0xc60c3af3fb0eb8f014903b6de471bfbdf62fa48f,232.9,38.88259002,,,
0x5efce18dcd88437532753a2036bfa08a214e760f,230.5537229,38.49087971,,,
0x9c75a0e4bc1f05ad7da5df534f96872bf3e14afd,230.262,38.44217665,,,
0x3d234804e44e4e9663bdc327123e50da801e0728,229.7663801,38.35943305,,,
0x4d215a4e10f137710dafcb9589e023afd0215e03,224.2906185,37.44525618,,,
0xf5f6b0086babe9f0b2d87c7dc761ad26ae65ff0b,224,37.3967375,,,
0x535a61bb35372f7f5bcff3fc5446cec3e160a473,222.2297722,37.10119846,,,
0x2fcaf286b82068bb2903d40ed0f15d80b82b0544,219.58563,36.65975966,,,
0xaaa9a569c2e631b4e33e62d044020f21c114f450,218.116,36.41440534,,,
0xae82ac59fd5ef9fd641bad02158ba5832fac637e,216.7139271,36.18032966,,,
0x2d9850330f767df16052c8d5432b6964a90e1350,210.5365252,35.14901414,,,
0x5fb4d8ea6de96159c78a4a6ac2ffc4b389686dd5,210.2740593,35.10519553,,,
0x4b9b2e6dea3a2d78bba1d2d7a5ec31a6093a6680,210.1800344,35.0894981,,,
0x2ca219078245bf2d93c01d09d6954edef1672180,210.1444937,35.08356459,,,
0xef99e53ab038e11334171b7a5b9c6f79c198d729,203.0263114,33.89518604,,,
0x15e9806671633a4a9862fcdd81cfacce4f04f5c4,203,33.89079336,,,
0x4df6bc4de8a376837504b2796c476663014a25bb,201.7681367,33.68513413,,,
0xb2e5c3ee488b3a1910cd667bd81e647910e068b9,201.72,33.67709772,,,
0x389ec31c8afb9a14d5eed9f30cdb579507800771,200.6472,33.49799406,,,
0xb8bb9b814fb333aee71ffd711c9c253c06fa2fc8,200.186208,33.42103157,,,
0x06eb2dd293a8453cbb2cd16b264f39cd85c71e1e,200.1652591,33.41753416,,,
0x132170df858710647af0b1dc9cd51a3110eb0d49,198.9797,33.2196054,,,
0x095fb8a8cc760d0373c1ec7d2359e2348b548d6d,196.5528859,32.81444946,,,
0x16c32c1fb7ff6eb3fa789df9ecdfdf264c8f5185,194.7802925,32.51851549,,,
0x9a626bc36c11ef707bb839fa5f1449d7009eae2e,193.9680273,32.38290804,,,
0x2197a02f905ab6473d2bf9b1864feb60d622092c,193.5817099,32.31841246,,,
0x3731696c9b5098beacf8dd03ac00c30bba979806,189.8047421,31.68784874,,,
0x4b8d45531099b1cfa0d681f12b4b1e9def28dac9,188.7942846,31.51915314,,,
0x45e48c0a6fe8b759652624451c83387130c58367,186.2292515,31.09092158,,,
0x75228123400ce67ce3dd677ce5dfd54481d59357,183.8226641,30.68914248,,,
0x1ed20438d05a8dda234d9995bb45ebf1fce21862,180,30.05094978,,,
0x78403c44cb1cfba359ebe70cece3d2248e6ee424,178.56,29.81054218,,,
0xb5b2bd41325b50f884194096dff7d8cad6382e7d,178.1578873,29.74340958,,,
0xe7a30433576c5df903125a0dbd086978b463aacb,177,29.55010061,,,
0x0368e15767e08ee255016846ab1d9c285d3ed717,173.024685,28.88642288,,,
0x609949ccf906303cfd4f2a8365cc78a987284fc7,172.9825711,28.87939198,,,
0x0bf2f30fd564e9ca0fb013ab343ae68c98eb008b,170.6418013,28.48860112,,,
0x2f246a3eee3ce34c113c9513a67a822f96878c1c,169.7868432,28.3458661,,,
0xd97beffdf558b269257feba5df111ab718b71e24,169.506978,28.29914268,,,
0xce1c0cfd8601156a4aef504ca99d5015d56e7d90,167.5248237,27.96822257,,,
0x0a6e75bc13693d950416fc29c511ee5bbf12e272,163.3115035,27.26480994,,,
0xe03ca3b20fd8d366c98f56695089b8dbda687096,162.2784,27.0923336,,,
0x453f16f42f9d6cd8264bb7e797a0d7231e089e10,160.3649371,26.7728815,,,
0xd30ad1986bfefe85264af30e28704ce4f803a67e,160,26.71195536,,,
0xf0f9ddc7614360010fbf289c318081a4a42e30ee,160,26.71195536,,,
0x08d159f35449cc667628ac62334c5c694b38e40d,158.2406565,26.41823345,,,
0x21883033e96ce9a6f5891dd365d6ff5e10d70ffc,157.2788333,26.25765734,,,
0xb04a9ccbdb801c4ca0403344edb6ff0ecab07a8e,156.665393,26.15524365,,,
0x0da5e7ab6180ca20c00671365e2d51fad20ed401,152.8,25.50991737,,,
0x46e5dd9117b7c761683a9ca54116921dcee56a00,152.5728,25.47198639,,,
0x79afb1767bd626fc398bcfe48df982dafd492211,151.2562231,25.25218424,,,
0xa446a5e87248dbee737ae0a2ddf548690c35db05,150.1,25.05915312,,,
0x308430128e10c349ea7ef76f6c7b140f13711190,150,25.04245815,,,
0x73a8d2d6f49894bad1322c691b66b7e8ac241fbe,145.3633432,24.26836959,,,
0x46640ba8e278a71a5d121a46e0051e016c714b97,144,24.04075982,,,
0xf6b007b60197cfe60b8849edfec4812d63008a26,139.02,23.20935021,,,
0x7b8c284afd03fdfe4edb3775b8201cfd82744561,138.3757444,23.10179192,,,
0x298c684c086f2ca85cd8b8005cf755a183b17002,137.6829227,22.98612553,,,
0x3ee0ed6b8a321b533d0ab12970943895115d3420,135.658,22.64806525,,,
0x7aacea2929a2e69b45b2699c2ec53072a19d8f25,134.1992,22.404519,,,
0x2c59900b9442b7a865f93219c04f553a0d7bd003,133.6716848,22.31645048,,,
0x6064d08d4777bdea395ec9767373e7ff4efdf3cb,133.2429896,22.24487994,,,
0x5d7979d076f09a6c4b0e6d86446b89be9cce4eb6,133.0773929,22.21723361,,,
0xf2e15bbb8170cb562841fea9b9813a5ecbdeb998,132.0681857,22.04874675,,,
0xb6793242de7e430571e19d10fc54cd55c0a039c0,130.1794029,21.73341499,,,
0xc58fc00860796fade2eab9e5b761f4855374cd39,128.3007507,21.41977453,,,
0xa5f7ebd6a9966b68192378b83487c5dda3375bfb,127.3236177,21.25664245,,,
0x9e5434a1193efd56bf17bc56796158862b3c5206,125.88,21.01563088,,,
0x48faf310aef464145d5d8b8ed342f639528fdff7,125,20.86871512,,,
0x06414fefe3abf16afda02f254e19c6f82e164276,124.6397162,20.80856584,,,
0xf064a332043bbfea849bff06b63bfb6419890b07,123.2,20.56820563,,,
0x321ded1fabaa2cce3887175d63623de999dc10ea,121.1302256,20.22265737,,,
0xf1dfb8fda1e988e206fecdfe27dc00f0c33ba5a9,120.556828,20.1269288,,,
0xcb0c80886c93eb681b52d7317684a3b8a4ca5bbe,120.2928,20.0828494,,,
0x1c1ace6bb2228c9dc96215ad4226654dbc6d711e,120.2058749,20.06833728,,,
0x1e2aaa7adf5887cae64fc554721fba0ca426f26e,120.18072,20.06413767,,,
0x1b9003228076d5d8073f8a5671c0ea37864b1034,120,20.03396652,,,
0x963c4207620d2d65efc517590a7528922bae630b,120,20.03396652,,,
0xff5cd716a2d09a686b8a6ad081b08830eb06ba85,120,20.03396652,,,
0x96732c2f1ac360f81af247061cb51758ab201511,119.6027514,19.96764598,,,
0x84389a101b1bc3890fa6ef6311c727413fa24158,119.316,19.91977291,,,
0xa5a28713c0426b42af26118bd3ffc672182195bf,118.632,19.8055793,,,
0x4bc214ec2dfc335af4e1ea348131190aa9c4c461,118.0872,19.71462509,,,
0x7bd2b1c17638c44933ffd0d65734136a1b2ed67a,117.08503,19.54731309,,,
0x96a736033fa415070d4c1927630488af428f5e2f,116.8698339,19.51138616,,,
0x63e49c5f3afdac10b8908f5808f2225862c76b45,115.158,19.22559597,,,
0xedf7f588611ba9279bce54ba6d94ac366868f339,113.4497503,18.94040416,,,
0xe7aa7c6c11c5ea48297fe0bba8d0ec9b25c16842,110.0450078,18.37198335,,,
0xd876278302f513775631d60979701ec250b11119,107.9862769,18.0282788,,,
0x53069ba00e8f27090bb0aa7cc34f40805b27d6b4,107.5672326,17.95831947,,,
0x02b3a173e1b098bee79bdadc8d321dca0030e1d9,104.6191868,17.46614405,,,
0xc0366d8cabc3ec311c0e5878f72bb61b25f67c46,103.4929926,17.27812624,,,
0xafd0770b7539db98f9b85736a2ccbd3a229c78a4,103.4,17.26260115,,,
0x8aad2005b207b6abd3065b10ef1b8c1df1dd100b,102.9688603,17.1906225,,,
0xa5e6b5c204c94e97f418c9748e56848d9b661fcc,102.9269864,17.18363166,,,
0xd98230c1b42542cecc1e44cd2cf4d2cf715e454d,102.2551687,17.07147188,,,
0x8c666919c35ede08f9f3d0f0d3b305321f01fb7a,102,17.02887154,,,
0xeafb92c7175a4a6439588e42236c2e28af1f2dac,102,17.02887154,,,
0xdcd68f855c0a067643283f7d0701f40f27fe2332,100.5574469,16.7880377,,,
0xb01e8c4e74785e0e90d60148687b6600d10edb87,100.3629595,16.75556809,,,
0x11e6f55d8111fe9921f0dc0f2d66831c55c046c5,100,16.6949721,,,
0x47262e4c8b32b7d78b90334cad39c1a875082efc,100,16.6949721,,,
0x9f2cb17cb1b8e0958f551f4685ab27adfdabe80e,100,16.6949721,,,
0xe35feddc144d062c5aa5d2c12b64b8d384a506ac,100,16.6949721,,,
0xf68813fef24ae1ce7000f0f1771cd3042d5702be,100,16.6949721,,,
0x0dcc4177d01c66803dc1e6a21aad245a27920ee7,99.98952712,16.69322365,,,
0x98188997621626e4046f957df764957b783928f8,99.428,16.59947686,,,
0xc65c42a29f1c38c782b27daf37da7f02909b4870,99.39545244,16.59404305,,,
0x43cc36074d2c9f4c9d9e864e836b53e4710de7c1,97.8468,16.33549596,,,
0xada45916d9abc9eaa91693ad0cd14d141446ebe1,97.46423168,16.27162629,,,
0x13514e3875a6bcab2a8f3aff6554910cbe926372,96.18958376,16.05882417,,,
0x52d61abee4b0a5a88cdff71dc0efae87572c1b8a,95.33600959,15.9163202,,,
0x9a22402d8c6ee2b443fe6aba856b2309e4eecebd,95.08151994,15.87383322,,,
0xd10901e07d19c09b3aa9eb8ef4ab967d9006ef9b,94.13441797,15.71571482,,,
0x4bf4a673858d72f69d1515de302321c48c7233b3,92.808,15.49426971,,,
0x721d53e6465a1fe13ee3a1345c7b060aa965c591,89.43332794,14.93086915,,,
0x6994e7832e018fc371d702cab15a5288c1ec09d2,89.04090549,14.86535433,,,
0x0cad673a41e8206ad95de0ed21ee2136ca1edc29,87.584,14.62212436,,,
0x295b9238e6a37a6331c3ba73d75ecc65d17c8215,85.85280681,14.33310214,,,
0x91700503f39012f032a765d182fbee4397ac5def,85.8,14.32428606,,,
0x040bfa96615fceed61e68223fef17b72ec0197ff,85.51193,14.27619285,,,
0x736011b7d04d8a014efdae6a653e3405f3cdc720,84.80658258,14.1584353,,,
0x955d81e9a0ef56f332312b0cc476fc6235478b0f,84.76204952,14.15100052,,,
0xe77d9e6fd17d23f21ac1173853b917596c76ec8c,84.56433206,14.11799164,,,
0x29e224f364d99bff335f6c904fa924d3ef3c2589,84.23969687,14.06379389,,,
0x8206cd73414a93f17e6e0d9deb215612210642a1,79.1004658,13.2058007,,,
0x61eab767b0409c134012708a7d54129acec7ad7b,76.98990068,12.85344244,,,
0x0b461468951c17801fc368c2343c3872a2e39117,76.94147297,12.84535744,,,
0x9df68225898897bfdf813994fb5148f0ab5e4292,76.33751484,12.7445268,,,
0x3ceec57a1f2be530c970f5dbd675d23d0ff3adfa,75.3260299,12.57565967,,,
0x5ff7d1b371ce4a614c28760dd7c37dee8a454f91,75,12.52122907,,,
0x18b5be29483b436b991a974098da1832332b21d7,74.47161754,12.43301577,,,
0x40055ee1e45e97c3338d3cfc1aeb1c1a92c8290b,74.00490335,12.35509797,,,
0x99b3f147d27a979cc8e730740a06956dec8e42a0,74,12.35427935,,,
0xe6686bc1f037ba02525a22b4360719dcd21d2ee2,73.75843055,12.3139494,,,
0xe4201eaeb2f31d0d8321aef77936aa403a4ccc25,72.71316629,12.13944282,,,
0x754f86616dd2fc6fea17b5e2970a7750122dfe84,72,12.02037991,,,
0x0ef45edeaf2a9927d3b69cf2c8ea1befe10eb986,71.498,11.93657115,,,
0x29745f7abccda1b8ffad416cb7992fc6655570ad,70.357,11.74608152,,,
0x655c7eadf9360603cb5077d8dc57fa07bcf61d55,70.28817438,11.7345911,,,
0xd3a58b0268b9b249661726bce7d498b3622ad1c7,70.07358198,11.69876496,,,
0x7f8006461c8cf0fd709ef47cc0e399d461d7d946,70,11.68648047,,,
0x9a6ce15c894c266753f617e115642b73b260cf26,69,11.51953075,,,
0xd791824cb0e6fd9055ad61bf03af4f0d9e08b471,66.498,11.10182255,,,
0x3751703d260439482daf05eed4105087ebf5ee28,66.45839184,11.09520997,,,
0xa02435aac607a22ad3c485182cc6ece2c233a1b0,65.16,10.87844382,,,
0x2065fdf20198d1205b99244aa99eb6a306428984,65.15338395,10.87733927,,,
0xaf306cbaecde1e4d958d58c74b6fdac34cc9cfc2,64.1,10.70147712,,,
0xe248514962789e159f40c55b8e5eeb1113c5722d,62.92781334,10.50578088,,,
0x0498612320a256d3fc6e37afd9efe4ef9d0edb6e,62.775,10.48026873,,,
0x08dbaa8eb71fa528feea1688b4d3517a3a448f0b,62.2,10.38427265,,,
0xa647cd18878596c724f75cfe7c6e746cde7f5ede,62.10315472,10.36810435,,,
0xa2eb714ed46acf9866502e1232374af618e1adb9,62.027706,10.35550821,,,
0x1b4aff25b8cd957e103917cf75c69063f6ec434f,62.004,10.3515505,,,
0xa61d199ec1cc8dba46ad1d720b58ce6d9e213f78,61.49099412,10.26590431,,,
0xd504b8251baaa93db421c558d4603fcf41f0681f,61.39651947,10.2501318,,,
0x766589b9031d927191045df0472922c03da7d143,61.2,10.21732292,,,
0x8ee73a06d61db5727820d691f344a7ed095cfe30,61.06607787,10.19496466,,,
0x68bb5a6d14caceab866037b1502565f5bba17506,60.79132227,10.14909429,,,
0x003816f4ed14fb93f3268e0bce40918524264c63,60.78,10.14720404,,,
0xdc4c67cfe7c9a65df79bafbd813f590bc78103da,60.6083361,10.1185448,,,
0x2b30d21b27051b70d04404470ed4aebe2eebef55,60.57282048,10.11261548,,,
0x1a881a29d813e195d58d8a201708c4533b7b514e,60.5652,10.11134324,,,
0xe459ae0dc31194fa0fd626020a25d9a1cef0047d,60.41845215,10.08684373,,,
0xe60a9fd5fe190de7620341636c3f02abf5b20ea5,60.34048344,10.07382687,,,
0xd22a0e66a51bbca829136a72b8f49c30ec52cc7f,60.10000005,10.03367824,,,
0x42dcd554cfc9d487bd14b8ab4df83a5fd9b1b6bc,60.08901374,10.03184408,,,
0xf9301b0db3507812e1664254d005173e8b074750,60.0289992,10.02182467,,,
0x0963069c5d657c4f982cbf1dfe915aef8eef397e,60,10.01698326,,,
0x207f4f832a08ff943894b7deffa48e47caf2adfd,60,10.01698326,,,
0x71f175160b0a8c7964ab16f49d2569c71404960b,58.93079172,9.838479235,,,
0xf5d8f53a36c4bbef078e352ef38cc06132320d3c,58.05628466,9.692480525,,,
0x4e03ab09f84c88478371821a6d25f6cae18559b9,57.91006869,9.66806981,,,
0x41754131308c7a3415dd45232778eace0add7b69,57.7898925,9.648006429,,,
0x308d843e8a23ca081d7a60abf1e7451c5e203d6a,57.56784421,9.610935529,,,
0x84f918ba377cbd0385b4ef28f6b2b6d7e9b54a4b,56.59385785,9.448328778,,,
0xceae4043d3d2e1e75e8a5fe16bab7176ea9d035c,55.72673837,9.303563422,,,
0x45f28676cfebcc29b2d4e69d6447d81327f7ba3c,55.571192,9.277594999,,,
0x0c889b8e2431301d42260d0033fba25321486325,55.190659,9.214065121,,,
0xdd71fb4f7bbdb7a28feab3360d8ec9346982ae4d,55,9.182234654,,,
0x6ba54bb1cd2eb1ef2d6dc4cb4b203e27b621fdcb,54.37172934,9.077345043,,,
0x1e4893116caf04134a39852add7541dcc75669ce,53.88451795,8.996005237,,,
0xa4af3acf3fc2886cb1e914d25e17f2bbf2c0935f,53.61450122,8.950926019,,,
0xcb02407437d4e6ad3176a3e72943326993a51351,52.72,8.80158929,,,
0x9d3f29aef12fb691cf5f1341eea31843dafff823,52.55013733,8.773230765,,,
0x03c61e56730b2f5e89cef914cbfa53afa42f4700,52.55005651,8.773217272,,,
0xbf09a70a0166d52cc9af514e9ea658b8399c814f,52.5463,8.772590124,,,
0x6fdd97d23a5babdc2cb06954db0a2bb9e387fc5c,52.0113781,8.683285062,,,
0xd691e2af2eded1ad3faefeebbfa1d299edbaf7a6,50.71926688,8.467567454,,,
0xec9c57aa17dd881da10329aea6369f6b6d02258e,50.18388721,8.378185968,,,
0x9fecf056375a973308bb3d6fb6b1c230cfd21456,50.18275123,8.377996316,,,
0x92c4122ef719cee14026ab07ef73885160051051,50,8.347486049,,,
0xe9dcb6d77dd688b2c9e3ec06330bec159a859c41,49.32483951,8.234768194,,,
0x1a77abd08956b73ab2fd7d9a2c25fac53495bef5,49.25947936,8.223856335,,,
0xf7315cdd18d07d47f1f3753bcc2e0ea1c800551d,48.77963674,8.143746744,,,
0x3d61a4ef79afa653e740dbdf286cf17a26478838,48.36362967,8.074294479,,,
0x6de02ba38f6a6c87798e713a452454285a6bf623,48,8.013586607,,,
0x20ce9234a49951d2aa0d5949251c87b2ec3cddac,47.01353956,7.848897312,,,
0x48e61bc4c144936296b2f3747587ec2e2d4c2307,46.22907881,7.717931809,,,
0xad74c37d2dae942edc90978daa263f14138a600d,45.20596498,7.54712324,,,
0x57f5f91c51e222f65b9ded01d2a25c18bd4f7659,44.31747368,7.398789866,,,
0xd3b7a686ed6e7542bec0c63fa1f52b27306814ef,42.4,7.07866817,,,
0x73fa18ffe2b636d4eca48213ee6acaab93535618,40.996,6.844270762,,,
0x2e8a1d908773bdc0b9230fbc4be51d9779d6fa23,40.5,6.7614637,,,
0xb2086dfa1143bda99d4d0427817529fde15e30b6,40,6.677988839,,,
0x73b6357ad72f8454f1189506b073489a902482c0,39.44307722,6.585010737,,,
0x11755914c6fc0fc0c113dfd0d091da5a4d40d33c,39.3486199,6.569241113,,,
0x8b420bfaeb16835dfa1f7952cf9e07632ed164e0,39.26662533,6.555552143,,,
0x7ab7a75d2ce3dfa9f05dd198bc9568fd896914ff,36.85289461,6.152580473,,,
0x321987a396815c97e799ef9958b870ce5fa1f2a3,36.54,6.100342805,,,
0x0a1c6f1638adbe3873c7e8dad6c0e3b08285ba07,35.81151704,5.978722778,,,
0xc7c65f54a3189336115cf2e04cba00f4b715fc00,35.5249787,5.930885282,,,
0x2e239c61d5a77e7152f26dc4f20d1c314cafabaa,35.0000566,5.843249684,,,
0xc1e5b02f4ec7bada76994fcb7d0d0ca6b5c788b8,34.8407639,5.816655812,,,
0x4f4afe12341e6c9e9628341691691dc2deb81fdf,34.585,5.7739561,,,
0xcc2c5e436800fc24f34f1d5032c982a934bf2629,34.04,5.682968502,,,
0x5ed51921b9a41d300996a68772b09685e5d2bd22,33.93,5.664604033,,,
0x23f7c16f9d596ba80dfff3a75f18c90506ed4e8d,32.18667027,5.373555621,,,
0x89ca1f54d3a5df37570b184ba258ec3ad8a98b8d,32.04655,5.350162581,,,
0x0a3b67b88adf575654e071cf9c3e8065fc365967,31.70900628,5.293809751,,,
0xf2fad9d47bab2069b3dc40090efcc7ce1d87e95a,31.19583126,5.208135325,,,
0xeb8909a35b4e99260cd1984f2bff70ad212eb10e,31.03798328,5.181782649,,,
0x6540225b28c7e3812ffdddcb0a4a60ee9dec68bd,30.56636721,5.103046477,,,
0xd4ef381339cb1f9e505edd3785669024c9235e6a,30,5.00849163,,,
0xb3772d420ac8796c6eeae9cbee753048a926c31f,29.67,4.953398222,,,
0xa74093f9eca24e1d9937d10e8119d2545a2686f2,29.38213358,4.905339003,,,
0x53d610d4a85a6b70800f77dbecab1b3913f9e9e7,29.25328094,4.883827091,,,
0x972c550f55f7aa8b7e2db9a36f6ddb8adf7b21f9,29.2251,4.879122291,,,
0x3004a95943371453ccff1651e443f676d6ad3b35,28.62573307,4.779058149,,,
0x93fc9e0f191b6916c9713d7b6095002681f923ef,28.0093747,4.676157291,,,
0x265df105d0ccf69de90d38992d0439c87ceef3a7,27.8,4.641202243,,,
0x57632307398fcdf9eab895684b124b4211e90ef1,26.77900921,4.470748116,,,
0x9cc1cad78241c1edc7fc385d71268fca8cf542b3,26.66932459,4.452436299,,,
0x5b3700c77b49506c0eee02576bfa27cce3323666,26.48027512,4.420874543,,,
0xe899889ed1ea6a2669f409fd70193788f7d6a25f,26.2356253,4.380030324,,,
0xc1c560f37ccdea19a2da80e8ea656ac724ef49f1,26.04100301,4.347538187,,,
0x86e08e2227645c838813e808aa68118efbd784a5,25.84368201,4.314595501,,,
0xeb33e868d03c15058bc0eb0cc1f805b4b4309c2b,25.39535773,4.239747887,,,
0x899c8611333713cfa8034184bd5cc3af95fa96cb,25.062,4.184093907,,,
0xfe8d0d424d27569b2d22889a4bbffd33ef81f298,25,4.173743025,,,
0x56cc41a28bb8619b354981f45c92e576d9164a08,24.836,4.14636327,,,
0xdbe92acad3125aaddae065e96a7107f8649bfdf9,24.435,4.079416432,,,
0xa29cf70cc7ed75f1b32b4163d46c4ce50e885dc4,24.09969099,4.023436687,,,
0x73b1a2cef9ae02f5038a6170ba3b730ab3cfe25f,23.90887159,3.991579441,,,
0x213f6b2680dce3e4d0924acff3e4e34520ef9ba1,23.59106828,3.938522267,,,
0x70af8f0b836448799844b062f489b02a47d93fcd,23.42499747,3.910796792,,,
0x11a598fdcdf3ce78a296a1b275f710bbd66da580,23.191,3.871730979,,,
0xd1d9169f3dd1e7a2e89b1a5e62b7425f6fdb8fe6,22.624,3.777070488,,,
0xf01101e43c0a4ba64641132b93934c19a23dcf51,22.592,3.771728097,,,
0x68a01d2812d90e906f76b9ae9d0940d9259f2756,21.48282569,3.586551755,,,
0xf97a33c474a59bf4750f74fd9c1e1a596d7a2ab6,20.89797339,3.488910827,,,
0x236b3f7ea163daaeb910b2096bdfb1bc66140be0,20.309,3.390581884,,,
0x095beaa68a7458905eb1a338dcd8c5b2b27ca848,20.222,3.376057258,,,
0x893b80832f751999bf008e4cd5976d918d2a92cd,20.19724837,3.37192498,,,
0x941f5dfc3deb726b0af099864d0630886b41b57d,20.00008226,3.339008153,,,
0xa90e8cf8d1483ddd8f35ccf2c24caaa65ada6b16,19.63345034,3.277799056,,,
0xd0f3ca064b8f62c8734371e9ed3f7160164200ec,19.5,3.255519559,,,
0x21d632e53c4961f852aa1b3de252854951f81591,19.222,3.209107537,,,
0x2717c5753df40110905921d77a64c921e1467221,18,3.005094978,,,
0xfd86bd1676a600540b5d3f1e103aa3c37b2f0257,16.86914879,2.816299684,,,
0x764592f9c0ec019e29ee67d7b2032e6e989881ef,15.33624367,2.560381602,,,
0xcfdae6ff195a99ee0ded376ead5056bb679ebec7,15.327,2.558838374,,,
0x33407f621b1cfc463db91951ffa546acfd83af47,15,2.504245815,,,
0x78f0a746f6079830e527987693fe79a794aa0885,15,2.504245815,,,
0xc4b3cb2d42dfec122092a1fc3713a32ad6296732,15,2.504245815,,,
0xa9422b69e236472b1bb00209e43660a8d9d24739,14.88364694,2.484820704,,,
0x9cc62ddc981952bfc25260c63abd33b36cfe3b17,14.687,2.451990552,,,
0x6a3318eea69f83aef81cf293d8fbfd506b1fded8,14,2.337296094,,,
0x6752ffce83defb892535845095be36cb9e810ab1,13.931,2.325776563,,,
0x1c9488ce73ab0c4c49e3c88c3f55a718519e5211,13.86340962,2.314492368,,,
0x6fcb664500ead82930769f38cf31afcb23b6ea30,13.848,2.311919736,,,
0x67e415094d9d84dbda99ec4b6e6455b8c3da8f32,12.89005466,2.151991029,,,
0x1fc71626fe42ffcf4b8a69bdc5eb8a22567e7d9c,12.5,2.086871512,,,
0xd8bcd058ad4760c27028f7c7a087ed3e83bcc2e8,12.124,2.024098417,,,
0x7f796e8fabfbf39c43bd7a4387e6c07a689d7898,12,2.003396652,,,
0xa7eef3bcdde2ab6bebdc3b998274fda960886a25,11.892,1.985366082,,,
0xfe01c7fcae722e48575e5bdd7afc4eee39ef639f,11.365,1.897383579,,,
0xc6fb1d30f868d6228d5e5fd6ae0763118eff5180,11,1.836446931,,,
0xfd87f75e49191431150f397e60a69dfa0b1ee9b4,10.48777412,1.750930963,,,
0x77d4f175ac7828ff8f0985101e1643259f15d163,10.32201209,1.723257038,,,
0x743e9beb6f15566c230ff5826ba40fc8250c8d5e,10,1.66949721,,,
0x98f2fbd91db8d82708d8dca2badf86b349b4d61a,10,1.66949721,,,
0x9ebfd77d7a50e51571f56f086d0042a0bb7e6c2f,10,1.66949721,,,
0xeeebe672eef99c3287b0ab3dbbdc46b594ab738f,10,1.66949721,,,
0xaf86958b835955cc2808bffabc6f5148405a2596,9.660985462,1.612898827,,,
0x90f009e8b389ecb8458eeade88120fe24757db2e,8.268,1.380340293,,,
0xf2d286b55f5bd935d61e3d29f9f0b7ea93b14e64,8,1.335597768,,,
0x4f1e534589ddf3e088fbd12e75da3c73385e6420,7.944,1.326248584,,,
0xd53f08f00e83f95b5d6d4e527f0102a42a366bc5,7.174161806,1.197724312,,,
0x2ae1ee0292ec834315572ca235e5b6f7c5131dc3,6.952,1.16063446,,,
0xba5a4a83683a0c285f964bdae9646b1b526f7965,5.684558089,0.949035387,,,
0xd5248fef8084011acb0880813633efca75e7a42f,5.463310324,0.912098134,,,
0xa6369ab0cff35d8c3b19f3be3f5fbf9f4ba5b2a2,5,0.834748605,,,
0x3d58f4f94ec2ede02207e2e68aae1c3cd6c4dd67,4.759243809,0.794554426,,,
0x9395af5ab99bf1501c3259ced748182e6ea42a76,1.601790721,0.267418514,,,
0x9a786c5aef301c52a725d1d363bfc3fa94e080df,1.582,0.264114459,,,
0x925b1f1bd3c28ea9f03fc00b8e069ef738ff740d,0,0,,,
0xee6ac0ae56497c3479e858f0e9d59f5d8f8f89ea,0,0,,,
